id,name,url
2005+Player+Cards,2005 Player Cards,https://www.magiccardmarket.eu/Expansions/2005+Player+Cards
2006+Player+Cards,2006 Player Cards,https://www.magiccardmarket.eu/Expansions/2006+Player+Cards
2007+Player+Cards,2007 Player Cards,https://www.magiccardmarket.eu/Expansions/2007+Player+Cards
APAC+Lands,APAC Lands,https://www.magiccardmarket.eu/Expansions/APAC+Lands
Aether+Revolt,Aether Revolt,https://www.magiccardmarket.eu/Expansions/Aether+Revolt
Aether+Revolt%3A+Promos,Aether Revolt: Promos,https://www.magiccardmarket.eu/Expansions/Aether+Revolt%3A+Promos
Alara+Block+All-Foil+Booster,Alara Block All-Foil Booster,https://www.magiccardmarket.eu/Expansions/Alara+Block+All-Foil+Booster
Alara+Reborn,Alara Reborn,https://www.magiccardmarket.eu/Expansions/Alara+Reborn
Alliances,Alliances,https://www.magiccardmarket.eu/Expansions/Alliances
Alpha,Alpha,https://www.magiccardmarket.eu/Expansions/Alpha
Amonkhet,Amonkhet,https://www.magiccardmarket.eu/Expansions/Amonkhet
Amonkhet+Invocations,Amonkhet Invocations,https://www.magiccardmarket.eu/Expansions/Amonkhet+Invocations
Amonkhet%3A+Promos,Amonkhet: Promos,https://www.magiccardmarket.eu/Expansions/Amonkhet%3A+Promos
Anthologies,Anthologies,https://www.magiccardmarket.eu/Expansions/Anthologies
Antiquities,Antiquities,https://www.magiccardmarket.eu/Expansions/Antiquities
Apocalypse,Apocalypse,https://www.magiccardmarket.eu/Expansions/Apocalypse
Arabian+Nights,Arabian Nights,https://www.magiccardmarket.eu/Expansions/Arabian+Nights
Archenemy,Archenemy,https://www.magiccardmarket.eu/Expansions/Archenemy
Archenemy%3A+Nicol+Bolas,Archenemy: Nicol Bolas,https://www.magiccardmarket.eu/Expansions/Archenemy%3A+Nicol+Bolas
Arena+League+Promos,Arena League Promos,https://www.magiccardmarket.eu/Expansions/Arena+League+Promos
Armada+Comics,Armada Comics,https://www.magiccardmarket.eu/Expansions/Armada+Comics
Artists+of+Magic,Artists of Magic,https://www.magiccardmarket.eu/Expansions/Artists+of+Magic
Avacyn+Restored,Avacyn Restored,https://www.magiccardmarket.eu/Expansions/Avacyn+Restored
Battle+Royale,Battle Royale,https://www.magiccardmarket.eu/Expansions/Battle+Royale
Battle+for+Zendikar,Battle for Zendikar,https://www.magiccardmarket.eu/Expansions/Battle+for+Zendikar
Battle+for+Zendikar%3A+Promos,Battle for Zendikar: Promos,https://www.magiccardmarket.eu/Expansions/Battle+for+Zendikar%3A+Promos
Beatdown,Beatdown,https://www.magiccardmarket.eu/Expansions/Beatdown
Beta,Beta,https://www.magiccardmarket.eu/Expansions/Beta
Betrayers+of+Kamigawa,Betrayers of Kamigawa,https://www.magiccardmarket.eu/Expansions/Betrayers+of+Kamigawa
BoM+Products,BoM Products,https://www.magiccardmarket.eu/Expansions/BoM+Products
Born+of+the+Gods,Born of the Gods,https://www.magiccardmarket.eu/Expansions/Born+of+the+Gods
Buy+a+Box+Promos,Buy a Box Promos,https://www.magiccardmarket.eu/Expansions/Buy+a+Box+Promos
CardZ+Promos,CardZ Promos,https://www.magiccardmarket.eu/Expansions/CardZ+Promos
Champions+of+Kamigawa,Champions of Kamigawa,https://www.magiccardmarket.eu/Expansions/Champions+of+Kamigawa
Champs+%26+States+Promos,Champs & States Promos,https://www.magiccardmarket.eu/Expansions/Champs+%26+States+Promos
Chronicles,Chronicles,https://www.magiccardmarket.eu/Expansions/Chronicles
Chronicles%3A+Japanese,Chronicles: Japanese,https://www.magiccardmarket.eu/Expansions/Chronicles%3A+Japanese
Clash+Pack+Promos,Clash Pack Promos,https://www.magiccardmarket.eu/Expansions/Clash+Pack+Promos
Coldsnap,Coldsnap,https://www.magiccardmarket.eu/Expansions/Coldsnap
Coldsnap+Theme+Decks,Coldsnap Theme Decks,https://www.magiccardmarket.eu/Expansions/Coldsnap+Theme+Decks
Collectors%27+Edition,Collectors' Edition,https://www.magiccardmarket.eu/Expansions/Collectors%27+Edition
Commander,Commander,https://www.magiccardmarket.eu/Expansions/Commander
Commander+2013,Commander 2013,https://www.magiccardmarket.eu/Expansions/Commander+2013
Commander+2014,Commander 2014,https://www.magiccardmarket.eu/Expansions/Commander+2014
Commander+2015,Commander 2015,https://www.magiccardmarket.eu/Expansions/Commander+2015
Commander+2016,Commander 2016,https://www.magiccardmarket.eu/Expansions/Commander+2016
Commander+2017,Commander 2017,https://www.magiccardmarket.eu/Expansions/Commander+2017
Commander+Anthology,Commander Anthology,https://www.magiccardmarket.eu/Expansions/Commander+Anthology
Commander%27s+Arsenal,Commander's Arsenal,https://www.magiccardmarket.eu/Expansions/Commander%27s+Arsenal
Conflux,Conflux,https://www.magiccardmarket.eu/Expansions/Conflux
Conspiracy,Conspiracy,https://www.magiccardmarket.eu/Expansions/Conspiracy
Conspiracy%3A+Take+the+Crown,Conspiracy: Take the Crown,https://www.magiccardmarket.eu/Expansions/Conspiracy%3A+Take+the+Crown
Convention+Promos,Convention Promos,https://www.magiccardmarket.eu/Expansions/Convention+Promos
Core+2019,Core 2019,https://www.magiccardmarket.eu/Expansions/Core+2019
Custom+Tokens,Custom Tokens,https://www.magiccardmarket.eu/Expansions/Custom+Tokens
DCI+Promos,DCI Promos,https://www.magiccardmarket.eu/Expansions/DCI+Promos
Dark+Ascension,Dark Ascension,https://www.magiccardmarket.eu/Expansions/Dark+Ascension
Darksteel,Darksteel,https://www.magiccardmarket.eu/Expansions/Darksteel
Deckmasters,Deckmasters,https://www.magiccardmarket.eu/Expansions/Deckmasters
Dengeki+Maoh+Promos,Dengeki Maoh Promos,https://www.magiccardmarket.eu/Expansions/Dengeki+Maoh+Promos
Dissension,Dissension,https://www.magiccardmarket.eu/Expansions/Dissension
Dominaria,Dominaria,https://www.magiccardmarket.eu/Expansions/Dominaria
Dragon%27s+Maze,Dragon's Maze,https://www.magiccardmarket.eu/Expansions/Dragon%27s+Maze
Dragons+Of+Tarkir%3A+Promos,Dragons Of Tarkir: Promos,https://www.magiccardmarket.eu/Expansions/Dragons+Of+Tarkir%3A+Promos
Dragons+of+Tarkir,Dragons of Tarkir,https://www.magiccardmarket.eu/Expansions/Dragons+of+Tarkir
Duel+Decks%3A+Ajani+vs.+Nicol+Bolas,Duel Decks: Ajani vs. Nicol Bolas,https://www.magiccardmarket.eu/Expansions/Duel+Decks%3A+Ajani+vs.+Nicol+Bolas
Duel+Decks%3A+Anthology,Duel Decks: Anthology,https://www.magiccardmarket.eu/Expansions/Duel+Decks%3A+Anthology
Duel+Decks%3A+Blessed+vs.+Cursed,Duel Decks: Blessed vs. Cursed,https://www.magiccardmarket.eu/Expansions/Duel+Decks%3A+Blessed+vs.+Cursed
Duel+Decks%3A+Divine+vs.+Demonic,Duel Decks: Divine vs. Demonic,https://www.magiccardmarket.eu/Expansions/Duel+Decks%3A+Divine+vs.+Demonic
Duel+Decks%3A+Elspeth+vs.+Kiora,Duel Decks: Elspeth vs. Kiora,https://www.magiccardmarket.eu/Expansions/Duel+Decks%3A+Elspeth+vs.+Kiora
Duel+Decks%3A+Elspeth+vs.+Tezzeret,Duel Decks: Elspeth vs. Tezzeret,https://www.magiccardmarket.eu/Expansions/Duel+Decks%3A+Elspeth+vs.+Tezzeret
Duel+Decks%3A+Elves+vs.+Goblins,Duel Decks: Elves vs. Goblins,https://www.magiccardmarket.eu/Expansions/Duel+Decks%3A+Elves+vs.+Goblins
Duel+Decks%3A+Garruk+vs.+Liliana,Duel Decks: Garruk vs. Liliana,https://www.magiccardmarket.eu/Expansions/Duel+Decks%3A+Garruk+vs.+Liliana
Duel+Decks%3A+Heroes+vs.+Monsters,Duel Decks: Heroes vs. Monsters,https://www.magiccardmarket.eu/Expansions/Duel+Decks%3A+Heroes+vs.+Monsters
Duel+Decks%3A+Izzet+vs.+Golgari,Duel Decks: Izzet vs. Golgari,https://www.magiccardmarket.eu/Expansions/Duel+Decks%3A+Izzet+vs.+Golgari
Duel+Decks%3A+Jace+vs.+Chandra,Duel Decks: Jace vs. Chandra,https://www.magiccardmarket.eu/Expansions/Duel+Decks%3A+Jace+vs.+Chandra
Duel+Decks%3A+Jace+vs.+Vraska,Duel Decks: Jace vs. Vraska,https://www.magiccardmarket.eu/Expansions/Duel+Decks%3A+Jace+vs.+Vraska
Duel+Decks%3A+Knights+vs.+Dragons,Duel Decks: Knights vs. Dragons,https://www.magiccardmarket.eu/Expansions/Duel+Decks%3A+Knights+vs.+Dragons
Duel+Decks%3A+Merfolk+vs.+Goblins,Duel Decks: Merfolk vs. Goblins,https://www.magiccardmarket.eu/Expansions/Duel+Decks%3A+Merfolk+vs.+Goblins
Duel+Decks%3A+Mind+vs.+Might,Duel Decks: Mind vs. Might,https://www.magiccardmarket.eu/Expansions/Duel+Decks%3A+Mind+vs.+Might
Duel+Decks%3A+Nissa+vs.+Ob+Nixilis,Duel Decks: Nissa vs. Ob Nixilis,https://www.magiccardmarket.eu/Expansions/Duel+Decks%3A+Nissa+vs.+Ob+Nixilis
Duel+Decks%3A+Phyrexia+vs.+The+Coalition,Duel Decks: Phyrexia vs. The Coalition,https://www.magiccardmarket.eu/Expansions/Duel+Decks%3A+Phyrexia+vs.+The+Coalition
Duel+Decks%3A+Sorin+vs.+Tibalt,Duel Decks: Sorin vs. Tibalt,https://www.magiccardmarket.eu/Expansions/Duel+Decks%3A+Sorin+vs.+Tibalt
Duel+Decks%3A+Speed+vs.+Cunning,Duel Decks: Speed vs. Cunning,https://www.magiccardmarket.eu/Expansions/Duel+Decks%3A+Speed+vs.+Cunning
Duel+Decks%3A+Venser+vs.+Koth,Duel Decks: Venser vs. Koth,https://www.magiccardmarket.eu/Expansions/Duel+Decks%3A+Venser+vs.+Koth
Duel+Decks%3A+Zendikar+vs.+Eldrazi,Duel Decks: Zendikar vs. Eldrazi,https://www.magiccardmarket.eu/Expansions/Duel+Decks%3A+Zendikar+vs.+Eldrazi
Duels+of+the+Planeswalkers+Decks,Duels of the Planeswalkers Decks,https://www.magiccardmarket.eu/Expansions/Duels+of+the+Planeswalkers+Decks
Duels+of+the+Planeswalkers+Promos,Duels of the Planeswalkers Promos,https://www.magiccardmarket.eu/Expansions/Duels+of+the+Planeswalkers+Promos
Eighth+Edition,Eighth Edition,https://www.magiccardmarket.eu/Expansions/Eighth+Edition
Eldritch+Moon,Eldritch Moon,https://www.magiccardmarket.eu/Expansions/Eldritch+Moon
Eldritch+Moon%3A+Promos,Eldritch Moon: Promos,https://www.magiccardmarket.eu/Expansions/Eldritch+Moon%3A+Promos
Eternal+Masters,Eternal Masters,https://www.magiccardmarket.eu/Expansions/Eternal+Masters
Euro+Lands,Euro Lands,https://www.magiccardmarket.eu/Expansions/Euro+Lands
Eventide,Eventide,https://www.magiccardmarket.eu/Expansions/Eventide
Exodus,Exodus,https://www.magiccardmarket.eu/Expansions/Exodus
Explorers+of+Ixalan,Explorers of Ixalan,https://www.magiccardmarket.eu/Expansions/Explorers+of+Ixalan
Fallen+Empires,Fallen Empires,https://www.magiccardmarket.eu/Expansions/Fallen+Empires
Fallen+Empires%3A+Wyvern+Misprints,Fallen Empires: Wyvern Misprints,https://www.magiccardmarket.eu/Expansions/Fallen+Empires%3A+Wyvern+Misprints
Fate+Reforged,Fate Reforged,https://www.magiccardmarket.eu/Expansions/Fate+Reforged
Fate+Reforged%3A+Promos,Fate Reforged: Promos,https://www.magiccardmarket.eu/Expansions/Fate+Reforged%3A+Promos
Fifth+Dawn,Fifth Dawn,https://www.magiccardmarket.eu/Expansions/Fifth+Dawn
Fifth+Edition,Fifth Edition,https://www.magiccardmarket.eu/Expansions/Fifth+Edition
Filler+Cards,Filler Cards,https://www.magiccardmarket.eu/Expansions/Filler+Cards
Foreign+Black+Bordered,Foreign Black Bordered,https://www.magiccardmarket.eu/Expansions/Foreign+Black+Bordered
Foreign+White+Bordered,Foreign White Bordered,https://www.magiccardmarket.eu/Expansions/Foreign+White+Bordered
Fourth+Edition,Fourth Edition,https://www.magiccardmarket.eu/Expansions/Fourth+Edition
Fourth+Edition%3A+Alternate,Fourth Edition: Alternate,https://www.magiccardmarket.eu/Expansions/Fourth+Edition%3A+Alternate
Fourth+Edition%3A+Black+Bordered,Fourth Edition: Black Bordered,https://www.magiccardmarket.eu/Expansions/Fourth+Edition%3A+Black+Bordered
Friday+Night+Magic+Promos,Friday Night Magic Promos,https://www.magiccardmarket.eu/Expansions/Friday+Night+Magic+Promos
From+the+Vault%3A+Angels,From the Vault: Angels,https://www.magiccardmarket.eu/Expansions/From+the+Vault%3A+Angels
From+the+Vault%3A+Annihilation,From the Vault: Annihilation,https://www.magiccardmarket.eu/Expansions/From+the+Vault%3A+Annihilation
From+the+Vault%3A+Dragons,From the Vault: Dragons,https://www.magiccardmarket.eu/Expansions/From+the+Vault%3A+Dragons
From+the+Vault%3A+Exiled,From the Vault: Exiled,https://www.magiccardmarket.eu/Expansions/From+the+Vault%3A+Exiled
From+the+Vault%3A+Legends,From the Vault: Legends,https://www.magiccardmarket.eu/Expansions/From+the+Vault%3A+Legends
From+the+Vault%3A+Lore,From the Vault: Lore,https://www.magiccardmarket.eu/Expansions/From+the+Vault%3A+Lore
From+the+Vault%3A+Realms,From the Vault: Realms,https://www.magiccardmarket.eu/Expansions/From+the+Vault%3A+Realms
From+the+Vault%3A+Relics,From the Vault: Relics,https://www.magiccardmarket.eu/Expansions/From+the+Vault%3A+Relics
From+the+Vault%3A+Transform,From the Vault: Transform,https://www.magiccardmarket.eu/Expansions/From+the+Vault%3A+Transform
From+the+Vault%3A+Twenty,From the Vault: Twenty,https://www.magiccardmarket.eu/Expansions/From+the+Vault%3A+Twenty
Future+Sight,Future Sight,https://www.magiccardmarket.eu/Expansions/Future+Sight
Game+Day+Promos,Game Day Promos,https://www.magiccardmarket.eu/Expansions/Game+Day+Promos
GamingEtc+Tokens,GamingEtc Tokens,https://www.magiccardmarket.eu/Expansions/GamingEtc+Tokens
Gatecrash,Gatecrash,https://www.magiccardmarket.eu/Expansions/Gatecrash
Gateway+Promos,Gateway Promos,https://www.magiccardmarket.eu/Expansions/Gateway+Promos
GnD+Cards,GnD Cards,https://www.magiccardmarket.eu/Expansions/GnD+Cards
Grand+Prix+Promos,Grand Prix Promos,https://www.magiccardmarket.eu/Expansions/Grand+Prix+Promos
Guildpact,Guildpact,https://www.magiccardmarket.eu/Expansions/Guildpact
Guru+Lands,Guru Lands,https://www.magiccardmarket.eu/Expansions/Guru+Lands
Happy+Holidays+Promos,Happy Holidays Promos,https://www.magiccardmarket.eu/Expansions/Happy+Holidays+Promos
Harper+Prism+Promos,Harper Prism Promos,https://www.magiccardmarket.eu/Expansions/Harper+Prism+Promos
Hascon+2017+Promos,Hascon 2017 Promos,https://www.magiccardmarket.eu/Expansions/Hascon+2017+Promos
Hobby+Japan+Commemorative+Promos,Hobby Japan Commemorative Promos,https://www.magiccardmarket.eu/Expansions/Hobby+Japan+Commemorative+Promos
Homelands,Homelands,https://www.magiccardmarket.eu/Expansions/Homelands
Hour+of+Devastation,Hour of Devastation,https://www.magiccardmarket.eu/Expansions/Hour+of+Devastation
Hour+of+Devastation%3A+Promos,Hour of Devastation: Promos,https://www.magiccardmarket.eu/Expansions/Hour+of+Devastation%3A+Promos
IDW+Promos,IDW Promos,https://www.magiccardmarket.eu/Expansions/IDW+Promos
Ice+Age,Ice Age,https://www.magiccardmarket.eu/Expansions/Ice+Age
Iconic+Masters,Iconic Masters,https://www.magiccardmarket.eu/Expansions/Iconic+Masters
Innistrad,Innistrad,https://www.magiccardmarket.eu/Expansions/Innistrad
International+Edition,International Edition,https://www.magiccardmarket.eu/Expansions/International+Edition
Introductory+Two-Player+Set,Introductory Two-Player Set,https://www.magiccardmarket.eu/Expansions/Introductory+Two-Player+Set
Invasion,Invasion,https://www.magiccardmarket.eu/Expansions/Invasion
Ixalan,Ixalan,https://www.magiccardmarket.eu/Expansions/Ixalan
Ixalan%3A+Promos,Ixalan: Promos,https://www.magiccardmarket.eu/Expansions/Ixalan%3A+Promos
Japan+Junior+Tournament+Promos,Japan Junior Tournament Promos,https://www.magiccardmarket.eu/Expansions/Japan+Junior+Tournament+Promos
Javi+Alterations+Tokens,Javi Alterations Tokens,https://www.magiccardmarket.eu/Expansions/Javi+Alterations+Tokens
JingHe+Age%3A+2002+Tokens,JingHe Age: 2002 Tokens,https://www.magiccardmarket.eu/Expansions/JingHe+Age%3A+2002+Tokens
JingHe+Age%3A+MtG+10th+Anniversary+Tokens,JingHe Age: MtG 10th Anniversary Tokens,https://www.magiccardmarket.eu/Expansions/JingHe+Age%3A+MtG+10th+Anniversary+Tokens
Journey+into+Nyx,Journey into Nyx,https://www.magiccardmarket.eu/Expansions/Journey+into+Nyx
Judge+Program+Tokens,Judge Program Tokens,https://www.magiccardmarket.eu/Expansions/Judge+Program+Tokens
Judge+Rewards+Promos,Judge Rewards Promos,https://www.magiccardmarket.eu/Expansions/Judge+Rewards+Promos
Judgment,Judgment,https://www.magiccardmarket.eu/Expansions/Judgment
Junior+APAC+Series+Promos,Junior APAC Series Promos,https://www.magiccardmarket.eu/Expansions/Junior+APAC+Series+Promos
Junior+Series+Promos,Junior Series Promos,https://www.magiccardmarket.eu/Expansions/Junior+Series+Promos
Junior+Super+Series+Promos,Junior Super Series Promos,https://www.magiccardmarket.eu/Expansions/Junior+Super+Series+Promos
Kaladesh,Kaladesh,https://www.magiccardmarket.eu/Expansions/Kaladesh
Kaladesh+Inventions,Kaladesh Inventions,https://www.magiccardmarket.eu/Expansions/Kaladesh+Inventions
Kaladesh%3A+Promos,Kaladesh: Promos,https://www.magiccardmarket.eu/Expansions/Kaladesh%3A+Promos
Khans+of+Tarkir,Khans of Tarkir,https://www.magiccardmarket.eu/Expansions/Khans+of+Tarkir
Khans+of+Tarkir%3A+Promos,Khans of Tarkir: Promos,https://www.magiccardmarket.eu/Expansions/Khans+of+Tarkir%3A+Promos
League+Promos,League Promos,https://www.magiccardmarket.eu/Expansions/League+Promos
Legends,Legends,https://www.magiccardmarket.eu/Expansions/Legends
Legends+Italian,Legends Italian,https://www.magiccardmarket.eu/Expansions/Legends+Italian
Legions,Legions,https://www.magiccardmarket.eu/Expansions/Legions
Lorwyn,Lorwyn,https://www.magiccardmarket.eu/Expansions/Lorwyn
MKM+Products,MKM Products,https://www.magiccardmarket.eu/Expansions/MKM+Products
MKM+Series,MKM Series,https://www.magiccardmarket.eu/Expansions/MKM+Series
Magic+2010,Magic 2010,https://www.magiccardmarket.eu/Expansions/Magic+2010
Magic+2011,Magic 2011,https://www.magiccardmarket.eu/Expansions/Magic+2011
Magic+2012,Magic 2012,https://www.magiccardmarket.eu/Expansions/Magic+2012
Magic+2013,Magic 2013,https://www.magiccardmarket.eu/Expansions/Magic+2013
Magic+2014,Magic 2014,https://www.magiccardmarket.eu/Expansions/Magic+2014
Magic+2015,Magic 2015,https://www.magiccardmarket.eu/Expansions/Magic+2015
Magic+Origins,Magic Origins,https://www.magiccardmarket.eu/Expansions/Magic+Origins
Magic+Origins%3A+Promos,Magic Origins: Promos,https://www.magiccardmarket.eu/Expansions/Magic+Origins%3A+Promos
Magic+Premiere+Shop+Promos,Magic Premiere Shop Promos,https://www.magiccardmarket.eu/Expansions/Magic+Premiere+Shop+Promos
Magic+Scholarship+Series+Promos,Magic Scholarship Series Promos,https://www.magiccardmarket.eu/Expansions/Magic+Scholarship+Series+Promos
Magic+the+Gathering+Products,Magic the Gathering Products,https://www.magiccardmarket.eu/Expansions/Magic+the+Gathering+Products
Masters+25,Masters 25,https://www.magiccardmarket.eu/Expansions/Masters+25
Mercadian+Masques,Mercadian Masques,https://www.magiccardmarket.eu/Expansions/Mercadian+Masques
Mezzocielo+%26+Friends+Classic+Tokens,Mezzocielo & Friends Classic Tokens,https://www.magiccardmarket.eu/Expansions/Mezzocielo+%26+Friends+Classic+Tokens
Mezzocielo+%26+Friends+Mini+Tokens,Mezzocielo & Friends Mini Tokens,https://www.magiccardmarket.eu/Expansions/Mezzocielo+%26+Friends+Mini+Tokens
Mirage,Mirage,https://www.magiccardmarket.eu/Expansions/Mirage
Mirrodin,Mirrodin,https://www.magiccardmarket.eu/Expansions/Mirrodin
Mirrodin+Besieged,Mirrodin Besieged,https://www.magiccardmarket.eu/Expansions/Mirrodin+Besieged
Misprints,Misprints,https://www.magiccardmarket.eu/Expansions/Misprints
Modern+Event+Deck+2014,Modern Event Deck 2014,https://www.magiccardmarket.eu/Expansions/Modern+Event+Deck+2014
Modern+Masters,Modern Masters,https://www.magiccardmarket.eu/Expansions/Modern+Masters
Modern+Masters+2015,Modern Masters 2015,https://www.magiccardmarket.eu/Expansions/Modern+Masters+2015
Modern+Masters+2017,Modern Masters 2017,https://www.magiccardmarket.eu/Expansions/Modern+Masters+2017
Morningtide,Morningtide,https://www.magiccardmarket.eu/Expansions/Morningtide
Multiverse+Gift+Box,Multiverse Gift Box,https://www.magiccardmarket.eu/Expansions/Multiverse+Gift+Box
Nemesis,Nemesis,https://www.magiccardmarket.eu/Expansions/Nemesis
New+Phyrexia,New Phyrexia,https://www.magiccardmarket.eu/Expansions/New+Phyrexia
Ninth+Edition,Ninth Edition,https://www.magiccardmarket.eu/Expansions/Ninth+Edition
Oath+of+the+Gatewatch,Oath of the Gatewatch,https://www.magiccardmarket.eu/Expansions/Oath+of+the+Gatewatch
Oath+of+the+Gatewatch%3A+Promos,Oath of the Gatewatch: Promos,https://www.magiccardmarket.eu/Expansions/Oath+of+the+Gatewatch%3A+Promos
Odyssey,Odyssey,https://www.magiccardmarket.eu/Expansions/Odyssey
Onslaught,Onslaught,https://www.magiccardmarket.eu/Expansions/Onslaught
Open+House+Promos,Open House Promos,https://www.magiccardmarket.eu/Expansions/Open+House+Promos
Oversized+6x9+Promos,Oversized 6x9 Promos,https://www.magiccardmarket.eu/Expansions/Oversized+6x9+Promos
Oversized+9x12+Promos,Oversized 9x12 Promos,https://www.magiccardmarket.eu/Expansions/Oversized+9x12+Promos
Oversized+Box+Toppers,Oversized Box Toppers,https://www.magiccardmarket.eu/Expansions/Oversized+Box+Toppers
Perfektpro+Products,Perfektpro Products,https://www.magiccardmarket.eu/Expansions/Perfektpro+Products
Planar+Chaos,Planar Chaos,https://www.magiccardmarket.eu/Expansions/Planar+Chaos
Planechase,Planechase,https://www.magiccardmarket.eu/Expansions/Planechase
Planechase+2012,Planechase 2012,https://www.magiccardmarket.eu/Expansions/Planechase+2012
Planechase+Anthology,Planechase Anthology,https://www.magiccardmarket.eu/Expansions/Planechase+Anthology
Planeshift,Planeshift,https://www.magiccardmarket.eu/Expansions/Planeshift
Player+Rewards+Promos,Player Rewards Promos,https://www.magiccardmarket.eu/Expansions/Player+Rewards+Promos
Portal,Portal,https://www.magiccardmarket.eu/Expansions/Portal
Portal+Second+Age,Portal Second Age,https://www.magiccardmarket.eu/Expansions/Portal+Second+Age
Portal+Three+Kingdoms,Portal Three Kingdoms,https://www.magiccardmarket.eu/Expansions/Portal+Three+Kingdoms
Premium+Deck+Series%3A+Fire+%26+Lightning,Premium Deck Series: Fire & Lightning,https://www.magiccardmarket.eu/Expansions/Premium+Deck+Series%3A+Fire+%26+Lightning
Premium+Deck+Series%3A+Graveborn,Premium Deck Series: Graveborn,https://www.magiccardmarket.eu/Expansions/Premium+Deck+Series%3A+Graveborn
Premium+Deck+Series%3A+Slivers,Premium Deck Series: Slivers,https://www.magiccardmarket.eu/Expansions/Premium+Deck+Series%3A+Slivers
Prerelease+Promos,Prerelease Promos,https://www.magiccardmarket.eu/Expansions/Prerelease+Promos
Pro+Tour+1996%3A+Bertrand+Lestree,Pro Tour 1996: Bertrand Lestree,https://www.magiccardmarket.eu/Expansions/Pro+Tour+1996%3A+Bertrand+Lestree
Pro+Tour+1996%3A+Collector+Set,Pro Tour 1996: Collector Set,https://www.magiccardmarket.eu/Expansions/Pro+Tour+1996%3A+Collector+Set
Pro+Tour+1996%3A+Eric+Tam,Pro Tour 1996: Eric Tam,https://www.magiccardmarket.eu/Expansions/Pro+Tour+1996%3A+Eric+Tam
Pro+Tour+1996%3A+George+Baxter,Pro Tour 1996: George Baxter,https://www.magiccardmarket.eu/Expansions/Pro+Tour+1996%3A+George+Baxter
Pro+Tour+1996%3A+Leon+Lindback,Pro Tour 1996: Leon Lindback,https://www.magiccardmarket.eu/Expansions/Pro+Tour+1996%3A+Leon+Lindback
Pro+Tour+1996%3A+Mark+Justice,Pro Tour 1996: Mark Justice,https://www.magiccardmarket.eu/Expansions/Pro+Tour+1996%3A+Mark+Justice
Pro+Tour+1996%3A+Michael+Locanto,Pro Tour 1996: Michael Locanto,https://www.magiccardmarket.eu/Expansions/Pro+Tour+1996%3A+Michael+Locanto
Pro+Tour+1996%3A+Preston+Poulter,Pro Tour 1996: Preston Poulter,https://www.magiccardmarket.eu/Expansions/Pro+Tour+1996%3A+Preston+Poulter
Pro+Tour+1996%3A+Shawn+Regnier,Pro Tour 1996: Shawn Regnier,https://www.magiccardmarket.eu/Expansions/Pro+Tour+1996%3A+Shawn+Regnier
Pro+Tour+Promos,Pro Tour Promos,https://www.magiccardmarket.eu/Expansions/Pro+Tour+Promos
Promos,Promos,https://www.magiccardmarket.eu/Expansions/Promos
Prophecy,Prophecy,https://www.magiccardmarket.eu/Expansions/Prophecy
Ravnica%3A+City+of+Guilds,Ravnica: City of Guilds,https://www.magiccardmarket.eu/Expansions/Ravnica%3A+City+of+Guilds
Release+Promos,Release Promos,https://www.magiccardmarket.eu/Expansions/Release+Promos
Renaissance,Renaissance,https://www.magiccardmarket.eu/Expansions/Renaissance
Resale+Promos,Resale Promos,https://www.magiccardmarket.eu/Expansions/Resale+Promos
Return+to+Ravnica,Return to Ravnica,https://www.magiccardmarket.eu/Expansions/Return+to+Ravnica
Revised,Revised,https://www.magiccardmarket.eu/Expansions/Revised
Revista+Serra+Promos,Revista Serra Promos,https://www.magiccardmarket.eu/Expansions/Revista+Serra+Promos
Rinascimento,Rinascimento,https://www.magiccardmarket.eu/Expansions/Rinascimento
Rise+of+the+Eldrazi,Rise of the Eldrazi,https://www.magiccardmarket.eu/Expansions/Rise+of+the+Eldrazi
Rivals+of+Ixalan,Rivals of Ixalan,https://www.magiccardmarket.eu/Expansions/Rivals+of+Ixalan
Rk+post+Products,Rk post Products,https://www.magiccardmarket.eu/Expansions/Rk+post+Products
Salvat-Hachette,Salvat-Hachette,https://www.magiccardmarket.eu/Expansions/Salvat-Hachette
Salvat-Hachette+2011,Salvat-Hachette 2011,https://www.magiccardmarket.eu/Expansions/Salvat-Hachette+2011
San+Diego+Comic-Con+2013+Promos,San Diego Comic-Con 2013 Promos,https://www.magiccardmarket.eu/Expansions/San+Diego+Comic-Con+2013+Promos
San+Diego+Comic-Con+2014+Promos,San Diego Comic-Con 2014 Promos,https://www.magiccardmarket.eu/Expansions/San+Diego+Comic-Con+2014+Promos
San+Diego+Comic-Con+2015+Promos,San Diego Comic-Con 2015 Promos,https://www.magiccardmarket.eu/Expansions/San+Diego+Comic-Con+2015+Promos
San+Diego+Comic-Con+2016+Promos,San Diego Comic-Con 2016 Promos,https://www.magiccardmarket.eu/Expansions/San+Diego+Comic-Con+2016+Promos
San+Diego+Comic-Con+2017+Promos,San Diego Comic-Con 2017 Promos,https://www.magiccardmarket.eu/Expansions/San+Diego+Comic-Con+2017+Promos
Saviors+of+Kamigawa,Saviors of Kamigawa,https://www.magiccardmarket.eu/Expansions/Saviors+of+Kamigawa
Scars+of+Mirrodin,Scars of Mirrodin,https://www.magiccardmarket.eu/Expansions/Scars+of+Mirrodin
Scourge,Scourge,https://www.magiccardmarket.eu/Expansions/Scourge
Seventh+Edition,Seventh Edition,https://www.magiccardmarket.eu/Expansions/Seventh+Edition
Shadowmoor,Shadowmoor,https://www.magiccardmarket.eu/Expansions/Shadowmoor
Shadows+over+Innistrad,Shadows over Innistrad,https://www.magiccardmarket.eu/Expansions/Shadows+over+Innistrad
Shadows+over+Innistrad%3A+Promos,Shadows over Innistrad: Promos,https://www.magiccardmarket.eu/Expansions/Shadows+over+Innistrad%3A+Promos
Shards+of+Alara,Shards of Alara,https://www.magiccardmarket.eu/Expansions/Shards+of+Alara
Simplified+Chinese+Alternate+Art+Cards,Simplified Chinese Alternate Art Cards,https://www.magiccardmarket.eu/Expansions/Simplified+Chinese+Alternate+Art+Cards
Sixth+Edition,Sixth Edition,https://www.magiccardmarket.eu/Expansions/Sixth+Edition
Standard+Series+Promos,Standard Series Promos,https://www.magiccardmarket.eu/Expansions/Standard+Series+Promos
Standard+Showdown+Promos,Standard Showdown Promos,https://www.magiccardmarket.eu/Expansions/Standard+Showdown+Promos
Starcity+Games%3A+Commemorative+Tokens,Starcity Games: Commemorative Tokens,https://www.magiccardmarket.eu/Expansions/Starcity+Games%3A+Commemorative+Tokens
Starcity+Games%3A+Creature+Collection,Starcity Games: Creature Collection,https://www.magiccardmarket.eu/Expansions/Starcity+Games%3A+Creature+Collection
Starcity+Games%3A+Justin+Treadway+Tokens,Starcity Games: Justin Treadway Tokens,https://www.magiccardmarket.eu/Expansions/Starcity+Games%3A+Justin+Treadway+Tokens
Starcity+Games%3A+Kristen+Plescow+Tokens,Starcity Games: Kristen Plescow Tokens,https://www.magiccardmarket.eu/Expansions/Starcity+Games%3A+Kristen+Plescow+Tokens
Starcity+Games%3A+Token+Series+One,Starcity Games: Token Series One,https://www.magiccardmarket.eu/Expansions/Starcity+Games%3A+Token+Series+One
Starter+1999,Starter 1999,https://www.magiccardmarket.eu/Expansions/Starter+1999
Starter+2000,Starter 2000,https://www.magiccardmarket.eu/Expansions/Starter+2000
Stronghold,Stronghold,https://www.magiccardmarket.eu/Expansions/Stronghold
Summer+Magic,Summer Magic,https://www.magiccardmarket.eu/Expansions/Summer+Magic
Tempest,Tempest,https://www.magiccardmarket.eu/Expansions/Tempest
Tenth+Edition,Tenth Edition,https://www.magiccardmarket.eu/Expansions/Tenth+Edition
The+Dark,The Dark,https://www.magiccardmarket.eu/Expansions/The+Dark
The+Dark+Italian,The Dark Italian,https://www.magiccardmarket.eu/Expansions/The+Dark+Italian
The+Duelist+Promos,The Duelist Promos,https://www.magiccardmarket.eu/Expansions/The+Duelist+Promos
Theros,Theros,https://www.magiccardmarket.eu/Expansions/Theros
Tierra+Media+Tokens,Tierra Media Tokens,https://www.magiccardmarket.eu/Expansions/Tierra+Media+Tokens
Time+Spiral,Time Spiral,https://www.magiccardmarket.eu/Expansions/Time+Spiral
Tokens+for+MTG,Tokens for MTG,https://www.magiccardmarket.eu/Expansions/Tokens+for+MTG
TokyoMTG+Products,TokyoMTG Products,https://www.magiccardmarket.eu/Expansions/TokyoMTG+Products
TopDeck+Promos,TopDeck Promos,https://www.magiccardmarket.eu/Expansions/TopDeck+Promos
Torment,Torment,https://www.magiccardmarket.eu/Expansions/Torment
Ugin%27s+Fate+Promos,Ugin's Fate Promos,https://www.magiccardmarket.eu/Expansions/Ugin%27s+Fate+Promos
Ultra-Pro+Puzzle+Cards,Ultra-Pro Puzzle Cards,https://www.magiccardmarket.eu/Expansions/Ultra-Pro+Puzzle+Cards
Unglued,Unglued,https://www.magiccardmarket.eu/Expansions/Unglued
Unhinged,Unhinged,https://www.magiccardmarket.eu/Expansions/Unhinged
Unlimited,Unlimited,https://www.magiccardmarket.eu/Expansions/Unlimited
Unstable,Unstable,https://www.magiccardmarket.eu/Expansions/Unstable
Urza%27s+Destiny,Urza's Destiny,https://www.magiccardmarket.eu/Expansions/Urza%27s+Destiny
Urza%27s+Legacy,Urza's Legacy,https://www.magiccardmarket.eu/Expansions/Urza%27s+Legacy
Urza%27s+Saga,Urza's Saga,https://www.magiccardmarket.eu/Expansions/Urza%27s+Saga
Vanguard,Vanguard,https://www.magiccardmarket.eu/Expansions/Vanguard
Visions,Visions,https://www.magiccardmarket.eu/Expansions/Visions
WCD+1997%3A+Jakub+Slemr,WCD 1997: Jakub Slemr,https://www.magiccardmarket.eu/Expansions/WCD+1997%3A+Jakub+Slemr
WCD+1997%3A+Janosch+Kuhn,WCD 1997: Janosch Kuhn,https://www.magiccardmarket.eu/Expansions/WCD+1997%3A+Janosch+Kuhn
WCD+1997%3A+Paul+McCabe,WCD 1997: Paul McCabe,https://www.magiccardmarket.eu/Expansions/WCD+1997%3A+Paul+McCabe
WCD+1997%3A+Svend+Geertsen,WCD 1997: Svend Geertsen,https://www.magiccardmarket.eu/Expansions/WCD+1997%3A+Svend+Geertsen
WCD+1998%3A+Ben+Rubin,WCD 1998: Ben Rubin,https://www.magiccardmarket.eu/Expansions/WCD+1998%3A+Ben+Rubin
WCD+1998%3A+Brian+Hacker,WCD 1998: Brian Hacker,https://www.magiccardmarket.eu/Expansions/WCD+1998%3A+Brian+Hacker
WCD+1998%3A+Brian+Selden,WCD 1998: Brian Selden,https://www.magiccardmarket.eu/Expansions/WCD+1998%3A+Brian+Selden
WCD+1998%3A+Randy+Buehler,WCD 1998: Randy Buehler,https://www.magiccardmarket.eu/Expansions/WCD+1998%3A+Randy+Buehler
WCD+1999%3A+Jakub+%C5%A0lemr,WCD 1999: Jakub Šlemr,https://www.magiccardmarket.eu/Expansions/WCD+1999%3A+Jakub+%C5%A0lemr
WCD+1999%3A+Kai+Budde,WCD 1999: Kai Budde,https://www.magiccardmarket.eu/Expansions/WCD+1999%3A+Kai+Budde
WCD+1999%3A+Mark+Le+Pine,WCD 1999: Mark Le Pine,https://www.magiccardmarket.eu/Expansions/WCD+1999%3A+Mark+Le+Pine
WCD+1999%3A+Matt+Linde,WCD 1999: Matt Linde,https://www.magiccardmarket.eu/Expansions/WCD+1999%3A+Matt+Linde
WCD+2000%3A+Janosch+K%C3%BChn,WCD 2000: Janosch Kühn,https://www.magiccardmarket.eu/Expansions/WCD+2000%3A+Janosch+K%C3%BChn
WCD+2000%3A+Jon+Finkel,WCD 2000: Jon Finkel,https://www.magiccardmarket.eu/Expansions/WCD+2000%3A+Jon+Finkel
WCD+2000%3A+Nicolas+Labarre,WCD 2000: Nicolas Labarre,https://www.magiccardmarket.eu/Expansions/WCD+2000%3A+Nicolas+Labarre
WCD+2000%3A+Tom+Van+de+Logt,WCD 2000: Tom Van de Logt,https://www.magiccardmarket.eu/Expansions/WCD+2000%3A+Tom+Van+de+Logt
WCD+2001%3A+Alex+Borteh,WCD 2001: Alex Borteh,https://www.magiccardmarket.eu/Expansions/WCD+2001%3A+Alex+Borteh
WCD+2001%3A+Antoine+Ruel,WCD 2001: Antoine Ruel,https://www.magiccardmarket.eu/Expansions/WCD+2001%3A+Antoine+Ruel
WCD+2001%3A+Jan+Tomcani,WCD 2001: Jan Tomcani,https://www.magiccardmarket.eu/Expansions/WCD+2001%3A+Jan+Tomcani
WCD+2001%3A+Tom+van+de+Logt,WCD 2001: Tom van de Logt,https://www.magiccardmarket.eu/Expansions/WCD+2001%3A+Tom+van+de+Logt
WCD+2002%3A+Brian+Kibler,WCD 2002: Brian Kibler,https://www.magiccardmarket.eu/Expansions/WCD+2002%3A+Brian+Kibler
WCD+2002%3A+Carlos+Romao,WCD 2002: Carlos Romao,https://www.magiccardmarket.eu/Expansions/WCD+2002%3A+Carlos+Romao
WCD+2002%3A+Raphael+Levy,WCD 2002: Raphael Levy,https://www.magiccardmarket.eu/Expansions/WCD+2002%3A+Raphael+Levy
WCD+2002%3A+Sim+Han+How,WCD 2002: Sim Han How,https://www.magiccardmarket.eu/Expansions/WCD+2002%3A+Sim+Han+How
WCD+2003%3A+Daniel+Zink,WCD 2003: Daniel Zink,https://www.magiccardmarket.eu/Expansions/WCD+2003%3A+Daniel+Zink
WCD+2003%3A+Dave+Humpherys,WCD 2003: Dave Humpherys,https://www.magiccardmarket.eu/Expansions/WCD+2003%3A+Dave+Humpherys
WCD+2003%3A+Peer+Kr%C3%B6ger,WCD 2003: Peer Kröger,https://www.magiccardmarket.eu/Expansions/WCD+2003%3A+Peer+Kr%C3%B6ger
WCD+2003%3A+Wolfgang+Eder,WCD 2003: Wolfgang Eder,https://www.magiccardmarket.eu/Expansions/WCD+2003%3A+Wolfgang+Eder
WCD+2004%3A+Aeo+Paquette,WCD 2004: Aeo Paquette,https://www.magiccardmarket.eu/Expansions/WCD+2004%3A+Aeo+Paquette
WCD+2004%3A+Gabriel+Nassif,WCD 2004: Gabriel Nassif,https://www.magiccardmarket.eu/Expansions/WCD+2004%3A+Gabriel+Nassif
WCD+2004%3A+Julien+Nuijten,WCD 2004: Julien Nuijten,https://www.magiccardmarket.eu/Expansions/WCD+2004%3A+Julien+Nuijten
WCD+2004%3A+Manuel+Bevand,WCD 2004: Manuel Bevand,https://www.magiccardmarket.eu/Expansions/WCD+2004%3A+Manuel+Bevand
Weatherlight,Weatherlight,https://www.magiccardmarket.eu/Expansions/Weatherlight
Welcome+Deck+2016,Welcome Deck 2016,https://www.magiccardmarket.eu/Expansions/Welcome+Deck+2016
Welcome+Deck+2017,Welcome Deck 2017,https://www.magiccardmarket.eu/Expansions/Welcome+Deck+2017
Worldwake,Worldwake,https://www.magiccardmarket.eu/Expansions/Worldwake
Your+Move+Games+Tokens,Your Move Games Tokens,https://www.magiccardmarket.eu/Expansions/Your+Move+Games+Tokens
Yummy+Tokens,Yummy Tokens,https://www.magiccardmarket.eu/Expansions/Yummy+Tokens
Zendikar,Zendikar,https://www.magiccardmarket.eu/Expansions/Zendikar
Zendikar+Expeditions,Zendikar Expeditions,https://www.magiccardmarket.eu/Expansions/Zendikar+Expeditions
